{
  "judge_generation": {
    "model": "claude-sonnet-5",
    "prompt_hash": "5e4fdc45"
  },
  "generated_at": "2026-07-20T19:46:09.784667+00:00",
  "models": [
    {
      "slug": "cydonia-24b-v4-3",
      "display_name": "cydonia-24b-v4.3",
      "params_total_b": 24.0,
      "params_active_b": 24.0,
      "quant": "Q5_K_M",
      "backend": "llama.cpp",
      "architecture": "dense",
      "normalized_elo": 1701.2428585702414,
      "elo_ci_low": 1631.065165508575,
      "elo_ci_high": 1773.4815875814315,
      "n_comparisons": 900,
      "win_rate": 0.6567310383431291,
      "eq_score": 66.7085,
      "humanlike_score": 62.1622,
      "voice_composite": 67.0526,
      "ttft_2k_ms": 103.5513,
      "tps_2k": 11.2858,
      "judging_cost_usd": 17.850562
    },
    {
      "slug": "designant",
      "display_name": "designant",
      "params_total_b": 30.0,
      "params_active_b": 3.0,
      "quant": "Q6_K",
      "backend": "llama.cpp",
      "architecture": "moe",
      "normalized_elo": 841.9667491879588,
      "elo_ci_low": 697.3452040580819,
      "elo_ci_high": 922.7566037481305,
      "n_comparisons": 900,
      "win_rate": 0.0456758304696449,
      "eq_score": 34.6389,
      "humanlike_score": 27.9167,
      "voice_composite": 57.067,
      "ttft_2k_ms": null,
      "tps_2k": null,
      "judging_cost_usd": 5.013929
    },
    {
      "slug": "hivemind-32b-preview",
      "display_name": "hivemind-32b-preview",
      "params_total_b": 32.0,
      "params_active_b": 32.0,
      "quant": "Q4_K_M",
      "backend": "llama.cpp",
      "architecture": "dense",
      "normalized_elo": 1782.014243658708,
      "elo_ci_low": 1717.6067754073972,
      "elo_ci_high": 1889.173023279131,
      "n_comparisons": 900,
      "win_rate": 0.7279596977329975,
      "eq_score": 67.7333,
      "humanlike_score": 60.6,
      "voice_composite": 68.6188,
      "ttft_2k_ms": 123.8318,
      "tps_2k": 7.7796,
      "judging_cost_usd": 10.435398
    },
    {
      "slug": "qwen3-14b",
      "display_name": "qwen3-14b",
      "params_total_b": 14.0,
      "params_active_b": 14.0,
      "quant": "Q6_K_XL",
      "backend": "llama.cpp",
      "architecture": "dense",
      "normalized_elo": 1616.2468017503145,
      "elo_ci_low": 1558.090895800528,
      "elo_ci_high": 1685.1984961275703,
      "n_comparisons": 900,
      "win_rate": 0.5524769101595298,
      "eq_score": 62.5733,
      "humanlike_score": 58.4667,
      "voice_composite": 80.4662,
      "ttft_2k_ms": 88.1965,
      "tps_2k": 12.7135,
      "judging_cost_usd": 7.336146
    },
    {
      "slug": "qwen3-5-27b",
      "display_name": "qwen3.5-27b",
      "params_total_b": 27.0,
      "params_active_b": 27.0,
      "quant": "Q4_K_XL",
      "backend": "llama.cpp",
      "architecture": "dense",
      "normalized_elo": 1558.5293468327773,
      "elo_ci_low": 1480.814086575007,
      "elo_ci_high": 1624.6714831984389,
      "n_comparisons": 900,
      "win_rate": 0.5068569829275119,
      "eq_score": 63.591,
      "humanlike_score": 54.1333,
      "voice_composite": 59.4059,
      "ttft_2k_ms": 2730.2535,
      "tps_2k": 9.8762,
      "judging_cost_usd": 14.230185
    }
  ]
}
